Neighborhood,Neighborhood Latitude,Neighborhood Longitude,Venue,Venue Latitude,Venue Longitude,Venue Category
Parkwoods,43.7532586,-79.3296565,Brookbanks Park,43.751976046055574,-79.33214044722958,Park
Parkwoods,43.7532586,-79.3296565,Variety Store,43.75197441585782,-79.33311418516017,Food & Drink Shop
Parkwoods,43.7532586,-79.3296565,Corrosion Service Company Limited,43.75243208667859,-79.33466148402658,Construction & Landscaping
Victoria Village,43.725882299999995,-79.31557159999998,Victoria Village Arena,43.72348055545508,-79.31563520925143,Hockey Arena
Victoria Village,43.725882299999995,-79.31557159999998,Tim Hortons,43.725516631714754,-79.31310251366091,Coffee Shop
Victoria Village,43.725882299999995,-79.31557159999998,Portugril,43.72581876267242,-79.31278541470671,Portuguese Restaurant
Victoria Village,43.725882299999995,-79.31557159999998,Eglinton Ave E & Sloane Ave/Bermondsey Rd,43.726086,-79.31362,Intersection
Victoria Village,43.725882299999995,-79.31557159999998,Pizza Nova,43.725823726352196,-79.31286041792907,Pizza Place
"Lawrence Manor, Lawrence Heights",43.718517999999996,-79.46476329999999,Roots,43.71821373389962,-79.46389305304558,Boutique
"Lawrence Manor, Lawrence Heights",43.718517999999996,-79.46476329999999,Kitchen Stuff Plus (Clearance Outlet),43.71909636823933,-79.46267482419971,Furniture / Home Store
"Lawrence Manor, Lawrence Heights",43.718517999999996,-79.46476329999999,Lac Vien Vietnamese Restaurant,43.72125878799614,-79.46847226859448,Vietnamese Restaurant
"Lawrence Manor, Lawrence Heights",43.718517999999996,-79.46476329999999,Ardene Shoes Outlet,43.718892366644944,-79.46134358371631,Accessories Store
"Lawrence Manor, Lawrence Heights",43.718517999999996,-79.46476329999999,Orfus Road Shopping Outlets,43.719045296434736,-79.46084915034818,Clothing Store
"Lawrence Manor, Lawrence Heights",43.718517999999996,-79.46476329999999,Tim Hortons,43.7194274,-79.4679949,Coffee Shop
"Lawrence Manor, Lawrence Heights",43.718517999999996,-79.46476329999999,Ardene,43.71894162758098,-79.46388005195001,Accessories Store
"Lawrence Manor, Lawrence Heights",43.718517999999996,-79.46476329999999,International Clothiers,43.717997,-79.46672,Clothing Store
"Lawrence Manor, Lawrence Heights",43.718517999999996,-79.46476329999999,Kitchen Stuff Plus,43.71908675341768,-79.46296954870189,Furniture / Home Store
"Lawrence Manor, Lawrence Heights",43.718517999999996,-79.46476329999999,Urban Behavior,43.71889855313541,-79.46469467303574,Clothing Store
"Lawrence Manor, Lawrence Heights",43.718517999999996,-79.46476329999999,Rinx Real Entertainment Centre,43.71784220022086,-79.46223069665501,Event Space
Don Mills,43.745905799999996,-79.352188,Island Foods,43.745866073988985,-79.34603533317939,Caribbean Restaurant
Don Mills,43.745905799999996,-79.352188,LA Fitness,43.74766522888878,-79.34707696065234,Gym
Don Mills,43.745905799999996,-79.352188,Baretto Caffé,43.74445646349851,-79.34645978471785,Café
Don Mills,43.745905799999996,-79.352188,Gonoe Sushi,43.74573681959921,-79.34599119916211,Japanese Restaurant
"Parkview Hill, Woodbine Gardens",43.7063972,-79.309937,Jawny Bakers,43.705782646822,-79.31291304477831,Gastropub
"Parkview Hill, Woodbine Gardens",43.7063972,-79.309937,East York Gymnastics,43.710654,-79.309279,Gym / Fitness Center
"Parkview Hill, Woodbine Gardens",43.7063972,-79.309937,Shoppers Drug Mart,43.705933,-79.312825,Pharmacy
"Parkview Hill, Woodbine Gardens",43.7063972,-79.309937,TD Canada Trust,43.705739883755946,-79.31227013468737,Bank
"Parkview Hill, Woodbine Gardens",43.7063972,-79.309937,Pizza Pizza,43.70515901620182,-79.31312955571528,Pizza Place
"Parkview Hill, Woodbine Gardens",43.7063972,-79.309937,Rise & Dine Eatery,43.705769,-79.311638,Breakfast Spot
"Parkview Hill, Woodbine Gardens",43.7063972,-79.309937,St. Clair Ave E & O'Connor Dr,43.70523283448301,-79.31327432821826,Intersection
"Parkview Hill, Woodbine Gardens",43.7063972,-79.309937,Venice Pizza,43.70592051370348,-79.31395663414658,Pizza Place
"Parkview Hill, Woodbine Gardens",43.7063972,-79.309937,TKTO - Toronto Knife Throwing Organization,43.7099660731501,-79.31341111891099,Athletics & Sports
Glencairn,43.709577,-79.44507259999999,Miyako Sushi Restaurant,43.709111,-79.44393,Japanese Restaurant
Glencairn,43.709577,-79.44507259999999,Kokoro Sushi,43.7090306314996,-79.44405331675999,Sushi Restaurant
Glencairn,43.709577,-79.44507259999999,Li Cheng Restaurant,43.70882792296303,-79.44336647383521,Asian Restaurant
Glencairn,43.709577,-79.44507259999999,Pizza Nova,43.707503883344074,-79.44314118823905,Pizza Place
Glencairn,43.709577,-79.44507259999999,"Chalker's Pub, Billiards and Bistro",43.705746734874204,-79.44237750652644,Pub
Glencairn,43.709577,-79.44507259999999,Glencairn Subway Station,43.708872397351165,-79.44080107629773,Metro Station
Don Mills,43.72589970000001,-79.340923,Sorento Restaurant,43.72657509457231,-79.34198930569546,Italian Restaurant
Don Mills,43.72589970000001,-79.340923,Fitness Connection,43.72747286430573,-79.34170684305083,Gym
Don Mills,43.72589970000001,-79.340923,Oomomo,43.72642908913988,-79.34328336099873,Discount Store
Don Mills,43.72589970000001,-79.340923,Tilley Endurables,43.72703319748601,-79.34292634000684,Clothing Store
Don Mills,43.72589970000001,-79.340923,Swiss Chalet,43.726747353541775,-79.34162487001265,Restaurant
Don Mills,43.72589970000001,-79.340923,Skiis and Biikes,43.726350918006425,-79.34297712786963,Bike Shop
Don Mills,43.72589970000001,-79.340923,Just Hockey Source For Sports,43.72709513128194,-79.34259061584578,Sporting Goods Shop
Don Mills,43.72589970000001,-79.340923,Memories of Japan,43.727078,-79.340794,Japanese Restaurant
Don Mills,43.72589970000001,-79.340923,Japanese Canadian Cultural Centre,43.726429,-79.334971,Art Gallery
Don Mills,43.72589970000001,-79.340923,The Beer Store,43.7269871,-79.3414943,Beer Store
Don Mills,43.72589970000001,-79.340923,Genghis Khan Mongolian Grill,43.7269059862849,-79.34121626053623,Asian Restaurant
Don Mills,43.72589970000001,-79.340923,Tim Hortons,43.72289725323043,-79.33911703526974,Coffee Shop
Don Mills,43.72589970000001,-79.340923,Real Canadian Superstore,43.722704,-79.337508,Supermarket
Don Mills,43.72589970000001,-79.340923,GoodLife Fitness North York Don Mills and Eglinton,43.722704,-79.337508,Gym
Don Mills,43.72589970000001,-79.340923,The Beer Store,43.7227042,-79.3375083,Beer Store
Don Mills,43.72589970000001,-79.340923,Asian Legend,43.7265905030894,-79.34218786843495,Dim Sum Restaurant
Don Mills,43.72589970000001,-79.340923,Subway,43.72432189860479,-79.33685838010095,Sandwich Place
Don Mills,43.72589970000001,-79.340923,Congee Star 帝王名粥,43.72658622416194,-79.34183343111253,Chinese Restaurant
Don Mills,43.72589970000001,-79.340923,Pho 88 發發餐廳,43.72664201962024,-79.3423446449432,Asian Restaurant
Don Mills,43.72589970000001,-79.340923,Harvey's,43.726602588537574,-79.34103479447748,Restaurant
Don Mills,43.72589970000001,-79.340923,Delimark Cafe,43.72753609649164,-79.33954737355866,Coffee Shop
Woodbine Heights,43.695343900000005,-79.3183887,East York Memorial Arena,43.69722441688202,-79.31539709142582,Skating Rink
Woodbine Heights,43.695343900000005,-79.3183887,East York Curling Club,43.69682672948465,-79.31365836861947,Curling Ice
Woodbine Heights,43.695343900000005,-79.3183887,The Beer Store,43.6937312,-79.3167591,Beer Store
Woodbine Heights,43.695343900000005,-79.3183887,Stan Wadlow Park,43.697835820584395,-79.31430328766514,Park
Woodbine Heights,43.695343900000005,-79.3183887,East York Memorial Arena,43.697623791570656,-79.31514515513003,Athletics & Sports
Humewood-Cedarvale,43.6937813,-79.42819140000002,Cedarvale Park,43.692534923091934,-79.42870527613704,Field
Humewood-Cedarvale,43.6937813,-79.42819140000002,Cedarvale Ravine,43.690188230007266,-79.42610580222994,Trail
Humewood-Cedarvale,43.6937813,-79.42819140000002,Cedarvale Tennis Courts,43.69274437001002,-79.43224439966453,Tennis Court
Humewood-Cedarvale,43.6937813,-79.42819140000002,Phil White Arena,43.69130271699826,-79.43176051142332,Hockey Arena
Caledonia-Fairbanks,43.6890256,-79.453512,Nairn Park,43.69065390931841,-79.4562995791835,Park
Caledonia-Fairbanks,43.6890256,-79.453512,Maximum Woman,43.69065130310669,-79.45633320240984,Women's Store
Caledonia-Fairbanks,43.6890256,-79.453512,Fairbanks Pool,43.69195850094914,-79.44892151240036,Pool
Caledonia-Fairbanks,43.6890256,-79.453512,Fairbank Memorial Park,43.69202800194052,-79.44892353333186,Park
Leaside,43.7090604,-79.3634517,Local Leaside,43.71001166793114,-79.36351433524794,Sports Bar
Leaside,43.7090604,-79.3634517,Rack Attack,43.70693351467496,-79.36226108591485,Sporting Goods Shop
Leaside,43.7090604,-79.3634517,Olde Yorke Fish & Chips,43.706141306111306,-79.3618288170822,Fish & Chips Shop
Leaside,43.7090604,-79.3634517,LCBO,43.710571304463954,-79.36028703241085,Liquor Store
Leaside,43.7090604,-79.3634517,Enduro Sport,43.70605947915959,-79.36183454315712,Bike Shop
Leaside,43.7090604,-79.3634517,The Leaside Pub,43.7104676,-79.3638477,Restaurant
Leaside,43.7090604,-79.3634517,Kintako Japanese Restaurant,43.71159659251094,-79.36396207124376,Sushi Restaurant
Leaside,43.7090604,-79.3634517,Aroma Espresso Bar,43.70561065613986,-79.36077468518098,Coffee Shop
Leaside,43.7090604,-79.3634517,Bulk Barn,43.70611573147322,-79.36054145695127,Grocery Store
Leaside,43.7090604,-79.3634517,Longo's,43.70643262604979,-79.35975310254634,Supermarket
Leaside,43.7090604,-79.3634517,South St. Burger,43.71051026319384,-79.36158441272885,Burger Joint
Leaside,43.7090604,-79.3634517,PetSmart,43.7126819,-79.3626365,Pet Store
Leaside,43.7090604,-79.3634517,Booster Juice,43.70617277,-79.36065194,Smoothie Shop
Leaside,43.7090604,-79.3634517,Tim Hortons,43.70562930215073,-79.36102831503376,Coffee Shop
Leaside,43.7090604,-79.3634517,Subway,43.710410108561625,-79.36185814836224,Sandwich Place
Leaside,43.7090604,-79.3634517,Sunset Grill,43.71008051140994,-79.36252937590784,Breakfast Spot
Leaside,43.7090604,-79.3634517,Leaside Village,43.70568229146645,-79.36077693042236,Shopping Mall
Leaside,43.7090604,-79.3634517,Cupcakes,43.70602656677556,-79.36086417950665,Dessert Shop
Leaside,43.7090604,-79.3634517,RBC Royal Bank,43.71014782237411,-79.36311534233931,Bank
Leaside,43.7090604,-79.3634517,TD Canada Trust Branch and ATM,43.7116872,-79.3637718,Bank
Leaside,43.7090604,-79.3634517,Golf Town,43.7092672087377,-79.3622276186943,Sporting Goods Shop
Leaside,43.7090604,-79.3634517,Amsterdam Barrel House,43.70602053200777,-79.36132913641597,Brewery
Leaside,43.7090604,-79.3634517,Five Guys,43.70554090286243,-79.36124932941571,Burger Joint
Leaside,43.7090604,-79.3634517,Winners,43.7094205909056,-79.36093211174,Department Store
Leaside,43.7090604,-79.3634517,Starbucks,43.706564,-79.359591,Coffee Shop
Leaside,43.7090604,-79.3634517,Linen Chest,43.70693984029428,-79.35987973289845,Furniture / Home Store
Leaside,43.7090604,-79.3634517,SportChek,43.70985360457569,-79.36045518457757,Sporting Goods Shop
Leaside,43.7090604,-79.3634517,Best Buy,43.709255121223215,-79.36168044805527,Electronics Store
Leaside,43.7090604,-79.3634517,The Beer Store,43.7057389,-79.3604382,Beer Store
Leaside,43.7090604,-79.3634517,Pier 1 Imports,43.7133394919619,-79.3643121421883,Furniture / Home Store
Leaside,43.7090604,-79.3634517,Laird Plaza,43.70947413128063,-79.36100167126416,Shopping Mall
Leaside,43.7090604,-79.3634517,Mucho Burrito Fresh Mexican Grill,43.706746,-79.361707,Mexican Restaurant
Leaside,43.7090604,-79.3634517,Starbucks,43.710741,-79.36068,Coffee Shop
Leaside,43.7090604,-79.3634517,The Great Canadian Bagel,43.71327461980094,-79.36502672732136,Bagel Shop
Leaside,43.7090604,-79.3634517,Sequel Gourmet Express,43.712050916683616,-79.35989073236004,Sandwich Place
Hillcrest Village,43.8037622,-79.3634517,Eagle's Nest Golf Club,43.805454826002794,-79.36418592243415,Golf Course
Hillcrest Village,43.8037622,-79.3634517,AY Jackson Pool,43.804515413699576,-79.36613821581467,Pool
Hillcrest Village,43.8037622,-79.3634517,Villa Madina,43.80168506227364,-79.36393844569061,Mediterranean Restaurant
Hillcrest Village,43.8037622,-79.3634517,Duncan Creek Park,43.80553928816196,-79.36069456944033,Dog Run
Hillcrest Village,43.8037622,-79.3634517,A.Y. Jackson Secondary School Track,43.80506848683886,-79.36667715153746,Athletics & Sports
"Bathurst Manor, Wilson Heights, Downsview North",43.7543283,-79.4422593,Wolfie's Deli,43.754875481443555,-79.44243785404784,Deli / Bodega
"Bathurst Manor, Wilson Heights, Downsview North",43.7543283,-79.4422593,Orly Restaurant & Grill,43.754493246006334,-79.44350727697311,Middle Eastern Restaurant
"Bathurst Manor, Wilson Heights, Downsview North",43.7543283,-79.4422593,Tim Hortons,43.75476686520758,-79.44325044751167,Coffee Shop
"Bathurst Manor, Wilson Heights, Downsview North",43.7543283,-79.4422593,Bagel Plus,43.75539484400371,-79.4406859789969,Restaurant
"Bathurst Manor, Wilson Heights, Downsview North",43.7543283,-79.4422593,Starbucks,43.755797,-79.440471,Coffee Shop
"Bathurst Manor, Wilson Heights, Downsview North",43.7543283,-79.4422593,Best for Bride,43.7557891,-79.4378344,Bridal Shop
"Bathurst Manor, Wilson Heights, Downsview North",43.7543283,-79.4422593,Dairy Queen,43.75567964325238,-79.44016579234159,Ice Cream Shop
"Bathurst Manor, Wilson Heights, Downsview North",43.7543283,-79.4422593,Wimpy's Diner,43.75620987159905,-79.43929448082638,Diner
"Bathurst Manor, Wilson Heights, Downsview North",43.7543283,-79.4422593,TD Canada Trust,43.7562323,-79.4390254,Bank
"Bathurst Manor, Wilson Heights, Downsview North",43.7543283,-79.4422593,RBC Royal Bank,43.755697951682755,-79.43818263436917,Bank
"Bathurst Manor, Wilson Heights, Downsview North",43.7543283,-79.4422593,Popeyes Louisiana Kitchen,43.754671343663034,-79.44274006861691,Fried Chicken Joint
"Bathurst Manor, Wilson Heights, Downsview North",43.7543283,-79.4422593,Subway,43.755741275340625,-79.44050193032683,Sandwich Place
"Bathurst Manor, Wilson Heights, Downsview North",43.7543283,-79.4422593,Pizza Pizza,43.75531145041057,-79.44112566629565,Pizza Place
"Bathurst Manor, Wilson Heights, Downsview North",43.7543283,-79.4422593,Sheppard Plaza,43.75569512647938,-79.43961347354475,Shopping Mall
"Bathurst Manor, Wilson Heights, Downsview North",43.7543283,-79.4422593,Petro-Canada,43.755112,-79.438838,Gas Station
"Bathurst Manor, Wilson Heights, Downsview North",43.7543283,-79.4422593,Wakame Sushi,43.755382185036986,-79.44094461257187,Sushi Restaurant
"Bathurst Manor, Wilson Heights, Downsview North",43.7543283,-79.4422593,Shoppers Drug Mart,43.756239,-79.439599,Pharmacy
"Bathurst Manor, Wilson Heights, Downsview North",43.7543283,-79.4422593,Sheppard Plaza Variety,43.755456362295725,-79.44069597981954,Convenience Store
"Bathurst Manor, Wilson Heights, Downsview North",43.7543283,-79.4422593,Rogers,43.756052653816894,-79.44036757175827,Mobile Phone Shop
"Bathurst Manor, Wilson Heights, Downsview North",43.7543283,-79.4422593,Metro,43.75608379050764,-79.43978950381364,Supermarket
"Bathurst Manor, Wilson Heights, Downsview North",43.7543283,-79.4422593,Bathurst & Sheppard,43.757535251951225,-79.43995259215554,Intersection
"Bathurst Manor, Wilson Heights, Downsview North",43.7543283,-79.4422593,Burnett Park,43.75758512081283,-79.43985525270034,Park
Thorncliffe Park,43.7053689,-79.34937190000001,Costco,43.70705091308799,-79.3480933503406,Warehouse Store
Thorncliffe Park,43.7053689,-79.34937190000001,Iqbal Kebab & Sweet Centre,43.705923230061344,-79.35152127765924,Indian Restaurant
Thorncliffe Park,43.7053689,-79.34937190000001,Fit4Less,43.705689,-79.346018,Gym
Thorncliffe Park,43.7053689,-79.34937190000001,Bikram Yoga East York,43.70545001006983,-79.35144826217264,Yoga Studio
Thorncliffe Park,43.7053689,-79.34937190000001,Shoppers Drug Mart,43.70581,-79.347044,Pharmacy
Thorncliffe Park,43.7053689,-79.34937190000001,Hero Certified Burgers,43.70551137025456,-79.34706447492002,Burger Joint
Thorncliffe Park,43.7053689,-79.34937190000001,Subway,43.704596336290024,-79.34967021023124,Sandwich Place
Thorncliffe Park,43.7053689,-79.34937190000001,Iqbal foods,43.70575095291481,-79.35205378554073,Grocery Store
Thorncliffe Park,43.7053689,-79.34937190000001,Hakka Garden,43.704578351261326,-79.34977027417523,Indian Restaurant
Thorncliffe Park,43.7053689,-79.34937190000001,Petro-Canada,43.704058,-79.348094,Gas Station
Thorncliffe Park,43.7053689,-79.34937190000001,Tim Hortons,43.7050898,-79.3505453,Coffee Shop
Thorncliffe Park,43.7053689,-79.34937190000001,Pizza Pizza,43.705564293137044,-79.34713894303022,Pizza Place
Thorncliffe Park,43.7053689,-79.34937190000001,A&W,43.706275,-79.34467,Fast Food Restaurant
Thorncliffe Park,43.7053689,-79.34937190000001,TD Canada Trust,43.7063562,-79.3456426,Bank
Thorncliffe Park,43.7053689,-79.34937190000001,Food Basics,43.70531094557909,-79.34732168914252,Supermarket
Thorncliffe Park,43.7053689,-79.34937190000001,Kandahar Kabab,43.70525,-79.348625,Middle Eastern Restaurant
Thorncliffe Park,43.7053689,-79.34937190000001,Dollarama,43.705689,-79.346018,Discount Store
Thorncliffe Park,43.7053689,-79.34937190000001,Swiss Chalet,43.707786042366365,-79.34413242874473,Restaurant
Thorncliffe Park,43.7053689,-79.34937190000001,LCBO,43.706700447882305,-79.34501827004178,Liquor Store
Thorncliffe Park,43.7053689,-79.34937190000001,Leaside park,43.70217669622919,-79.35137675914693,Park
"Fairview, Henry Farm, Oriole",43.7785175,-79.3465557,The LEGO Store,43.77820727238842,-79.34348299621146,Toy / Game Store
"Fairview, Henry Farm, Oriole",43.7785175,-79.3465557,SilverCity,43.77868093228815,-79.3440850072426,Movie Theater
"Fairview, Henry Farm, Oriole",43.7785175,-79.3465557,CF Fairview Mall,43.777993908591895,-79.34366510981064,Shopping Mall
"Fairview, Henry Farm, Oriole",43.7785175,-79.3465557,Moxie's Classic Grill,43.777778810576905,-79.34318499889385,American Restaurant
"Fairview, Henry Farm, Oriole",43.7785175,-79.3465557,Michel's Baguette,43.77708227220403,-79.34455653003414,Bakery
"Fairview, Henry Farm, Oriole",43.7785175,-79.3465557,Hero Certified Burgers,43.7772948385197,-79.34458372068603,Burger Joint
"Fairview, Henry Farm, Oriole",43.7785175,-79.3465557,Starbucks,43.77799,-79.344091,Coffee Shop
"Fairview, Henry Farm, Oriole",43.7785175,-79.3465557,Shoppers Drug Mart,43.77817,-79.345014,Pharmacy
"Fairview, Henry Farm, Oriole",43.7785175,-79.3465557,H&M,43.77754859086118,-79.34560423018411,Clothing Store
"Fairview, Henry Farm, Oriole",43.7785175,-79.3465557,Apple Fairview,43.7778832,-79.3437891,Electronics Store
"Fairview, Henry Farm, Oriole",43.7785175,-79.3465557,Purdys Chocolatier,43.77816,-79.344154,Chocolate Shop
"Fairview, Henry Farm, Oriole",43.7785175,-79.3465557,New York Fries - Fairview Mall,43.77860499015611,-79.34357713182652,Restaurant
"Fairview, Henry Farm, Oriole",43.7785175,-79.3465557,Hudson's Bay,43.777830351654046,-79.34304327486974,Department Store
"Fairview, Henry Farm, Oriole",43.7785175,-79.3465557,De Berardini's,43.77806925637981,-79.34264197549473,Salon / Barbershop
"Fairview, Henry Farm, Oriole",43.7785175,-79.3465557,Booster Juice,43.77742786,-79.3449699,Juice Bar
"Fairview, Henry Farm, Oriole",43.7785175,-79.3465557,Old Navy,43.7779901,-79.3440914,Clothing Store
"Fairview, Henry Farm, Oriole",43.7785175,-79.3465557,Aroma Espresso Bar,43.777700197902725,-79.34465166972005,Coffee Shop
"Fairview, Henry Farm, Oriole",43.7785175,-79.3465557,Fairview Library Theatre,43.779018057023805,-79.34652599431665,Theater
"Fairview, Henry Farm, Oriole",43.7785175,-79.3465557,Ten Ren's Tea Time,43.777158444629066,-79.34453087278449,Juice Bar
"Fairview, Henry Farm, Oriole",43.7785175,-79.3465557,TD Canada Trust,43.777763,-79.345974,Bank
"Fairview, Henry Farm, Oriole",43.7785175,-79.3465557,Fairview Mall Food Garden,43.77836930887007,-79.34321606591291,Food Court
"Fairview, Henry Farm, Oriole",43.7785175,-79.3465557,Tommy Hilfiger,43.77742747193735,-79.34589327979445,Clothing Store
"Fairview, Henry Farm, Oriole",43.7785175,-79.3465557,Zara,43.777961241763556,-79.34469070057258,Clothing Store
"Fairview, Henry Farm, Oriole",43.7785175,-79.3465557,LCBO,43.77895496200283,-79.34504796258686,Liquor Store
"Fairview, Henry Farm, Oriole",43.7785175,-79.3465557,Tim Hortons,43.777964,-79.344715,Coffee Shop
"Fairview, Henry Farm, Oriole",43.7785175,-79.3465557,Tim Hortons,43.7749925,-79.3463027,Coffee Shop
"Fairview, Henry Farm, Oriole",43.7785175,-79.3465557,Hollister Co.,43.778088689883695,-79.34370423838938,Clothing Store
"Fairview, Henry Farm, Oriole",43.7785175,-79.3465557,Thai Express,43.77799,-79.344091,Restaurant
"Fairview, Henry Farm, Oriole",43.7785175,-79.3465557,RBC Royal Bank,43.777303882018465,-79.3446527392512,Bank
"Fairview, Henry Farm, Oriole",43.7785175,-79.3465557,SEPHORA,43.7784228,-79.3437426,Cosmetics Shop
"Fairview, Henry Farm, Oriole",43.7785175,-79.3465557,EB Games,43.7781866230844,-79.3433096596408,Video Game Store
"Fairview, Henry Farm, Oriole",43.7785175,-79.3465557,SportChek,43.777760996766865,-79.34315772052062,Sporting Goods Shop
"Fairview, Henry Farm, Oriole",43.7785175,-79.3465557,KFC,43.7776,-79.3442,Fast Food Restaurant
"Fairview, Henry Farm, Oriole",43.7785175,-79.3465557,Heart Sushi,43.777203,-79.343805,Japanese Restaurant
"Fairview, Henry Farm, Oriole",43.7785175,-79.3465557,Tim Hortons,43.77524918178477,-79.34773966670036,Coffee Shop
"Fairview, Henry Farm, Oriole",43.7785175,-79.3465557,McDonald's,43.7784074,-79.3435742,Fast Food Restaurant
"Fairview, Henry Farm, Oriole",43.7785175,-79.3465557,Spring Rolls,43.777350695180374,-79.34397727347279,Asian Restaurant
"Fairview, Henry Farm, Oriole",43.7785175,-79.3465557,St. Louis Bar & Grill,43.77721460733997,-79.34508093497027,Bar
"Fairview, Henry Farm, Oriole",43.7785175,-79.3465557,Z•teca,43.777216678163484,-79.3444011179068,Burrito Place
"Fairview, Henry Farm, Oriole",43.7785175,-79.3465557,Bourbon St. Grill,43.77827649168577,-79.34324149162853,Fast Food Restaurant
"Fairview, Henry Farm, Oriole",43.7785175,-79.3465557,Urban Planet,43.777825,-79.343519,Women's Store
"Fairview, Henry Farm, Oriole",43.7785175,-79.3465557,BCBG Max Azria,43.77696607091188,-79.34701924857568,Boutique
"Fairview, Henry Farm, Oriole",43.7785175,-79.3465557,Showcase,43.77877182143177,-79.34431968978073,Miscellaneous Shop
"Fairview, Henry Farm, Oriole",43.7785175,-79.3465557,Garage Clothing,43.77695171853015,-79.34700906250485,Clothing Store
"Fairview, Henry Farm, Oriole",43.7785175,-79.3465557,Teaopia,43.77874324350523,-79.34451221242404,Tea Room
"Fairview, Henry Farm, Oriole",43.7785175,-79.3465557,GNC,43.77843789497575,-79.344162940979,Supplement Shop
"Fairview, Henry Farm, Oriole",43.7785175,-79.3465557,Hot Topic,43.777865755496514,-79.34452183849298,Clothing Store
"Fairview, Henry Farm, Oriole",43.7785175,-79.3465557,Zumiez,43.777636036659636,-79.34524929542941,Clothing Store
"Fairview, Henry Farm, Oriole",43.7785175,-79.3465557,Little Burgundy,43.777959836647625,-79.34381611104504,Shoe Store
"Fairview, Henry Farm, Oriole",43.7785175,-79.3465557,Foot Locker,43.7783673,-79.3437077,Shoe Store
"Fairview, Henry Farm, Oriole",43.7785175,-79.3465557,Bentley,43.77824084141985,-79.34353859382264,Luggage Store
"Fairview, Henry Farm, Oriole",43.7785175,-79.3465557,Aéropostale,43.77828083022019,-79.34342473513604,Clothing Store
"Fairview, Henry Farm, Oriole",43.7785175,-79.3465557,Peoples Jewellers,43.7780567,-79.3434308,Jewelry Store
"Fairview, Henry Farm, Oriole",43.7785175,-79.3465557,Manchu Wok,43.77822514623288,-79.34330206344342,Chinese Restaurant
"Fairview, Henry Farm, Oriole",43.7785175,-79.3465557,Mr Sub,43.77825560280745,-79.34325028086052,Sandwich Place
"Fairview, Henry Farm, Oriole",43.7785175,-79.3465557,Szechuan Express,43.777966,-79.343316,Chinese Restaurant
"Fairview, Henry Farm, Oriole",43.7785175,-79.3465557,Laura Secord,43.7782285533859,-79.34321768453563,Dessert Shop
"Fairview, Henry Farm, Oriole",43.7785175,-79.3465557,Taco Bell,43.77861083632695,-79.34318593865498,Restaurant
"Fairview, Henry Farm, Oriole",43.7785175,-79.3465557,Tonyc Salon & Spa,43.778299876471415,-79.34318324796638,Spa
"Fairview, Henry Farm, Oriole",43.7785175,-79.3465557,Yoi,43.778244,-79.34301,Japanese Restaurant
"Fairview, Henry Farm, Oriole",43.7785175,-79.3465557,Don Mills Station Bus Terminal,43.77592896385145,-79.3469536135742,Bus Station
"Fairview, Henry Farm, Oriole",43.7785175,-79.3465557,Fit For Life,43.77935234078756,-79.35056822110249,Fast Food Restaurant
"Fairview, Henry Farm, Oriole",43.7785175,-79.3465557,Circle K,43.7754422,-79.3478394,Convenience Store
"Fairview, Henry Farm, Oriole",43.7785175,-79.3465557,Oriole Park,43.78081676843454,-79.35132725701995,Baseball Field
"Fairview, Henry Farm, Oriole",43.7785175,-79.3465557,Michel's Baguette,43.77432584600824,-79.34668494032192,Bakery
"Northwood Park, York University",43.7679803,-79.48726190000001,MUSE Massage Spa,43.7656861872247,-79.4893183666046,Massage Studio
"Northwood Park, York University",43.7679803,-79.48726190000001,Carribean Heat,43.764155,-79.490227,Caribbean Restaurant
"Northwood Park, York University",43.7679803,-79.48726190000001,Tim Hortons,43.764289283166015,-79.48879033327103,Coffee Shop
"Northwood Park, York University",43.7679803,-79.48726190000001,Fox & Fiddle,43.76379461939549,-79.48849672002802,Bar
"Northwood Park, York University",43.7679803,-79.48726190000001,Bad Boy Furniture - North York,43.76431446505117,-79.4865882396698,Furniture / Home Store
"Northwood Park, York University",43.7679803,-79.48726190000001,Falafel Express,43.764187100541214,-79.48912096481943,Falafel Restaurant
"Northwood Park, York University",43.7679803,-79.48726190000001,Party City,43.76417373654635,-79.4852503780818,Miscellaneous Shop
"East Toronto, Broadview North (Old East York)",43.685347,-79.3381065,Aldwych Park,43.68490095564762,-79.34109075059628,Park
"East Toronto, Broadview North (Old East York)",43.685347,-79.3381065,The Path,43.68392344354094,-79.33500661843325,Park
"East Toronto, Broadview North (Old East York)",43.685347,-79.3381065,Sammon Convenience,43.68695102703702,-79.33500661843325,Convenience Store
Bayview Village,43.7869473,-79.385975,Sun Star Chinese Cuisine 翠景小炒,43.78791448422642,-79.38123404311649,Chinese Restaurant
Bayview Village,43.7869473,-79.385975,TD Canada Trust,43.7880740139986,-79.38036672770977,Bank
Bayview Village,43.7869473,-79.385975,Maxim's Cafe and Patisserie,43.78786337669778,-79.38075094208715,Café
Bayview Village,43.7869473,-79.385975,Kaga Sushi,43.78775840092113,-79.38108976991016,Japanese Restaurant
Downsview,43.737473200000004,-79.46476329999999,Toronto Downsview Airport (YZD),43.738882611749744,-79.47011109314882,Airport
Downsview,43.737473200000004,-79.46476329999999,Ancaster Park,43.73470570807407,-79.46477740817078,Park
Downsview,43.737473200000004,-79.46476329999999,Ancaster Park Playground,43.734478418071134,-79.46567250883152,Playground
"York Mills, Silver Hills",43.7574902,-79.37471409999999,Windfields Cafeteria,43.755862,-79.370649,Cafeteria
Downsview,43.7390146,-79.5069436,TD Canada Trust,43.7402356,-79.5125502,Bank
Downsview,43.7390146,-79.5069436,Giltspur Park,43.73572426577187,-79.50782060623169,Park
Downsview,43.7390146,-79.5069436,Price Chopper,43.73990841084056,-79.51226143309357,Grocery Store
Downsview,43.7390146,-79.5069436,jane sheppard mall,43.740104399774324,-79.51255243633483,Shopping Mall
Downsview,43.7390146,-79.5069436,Gecko Hospitality,43.74266963059613,-79.50395822525024,Hotel
"North Park, Maple Leaf Park, Upwood Park",43.713756200000006,-79.4900738,Rustic Bakery,43.715413998974796,-79.49030028640821,Bakery
"North Park, Maple Leaf Park, Upwood Park",43.713756200000006,-79.4900738,Nonna B's Food,43.715548,-79.48987,Deli / Bodega
"North Park, Maple Leaf Park, Upwood Park",43.713756200000006,-79.4900738,Sporty,43.71650314331055,-79.48983764648438,Basketball Court
"North Park, Maple Leaf Park, Upwood Park",43.713756200000006,-79.4900738,Maple leaf park,43.716187513283,-79.4935309549699,Park
"North Park, Maple Leaf Park, Upwood Park",43.713756200000006,-79.4900738,Queen's GreenBelt Park,43.71235526161373,-79.48475360870361,Trail
"North Park, Maple Leaf Park, Upwood Park",43.713756200000006,-79.4900738,Mika's Trim,43.714068,-79.496113,Construction & Landscaping
Humber Summit,43.7563033,-79.56596329999999,Pizza Monza,43.7550425265422,-79.56719521010014,Pizza Place
Humber Summit,43.7563033,-79.56596329999999,Paul Davis Canada of York Region,43.7558522,-79.5602562,Home Service
"Willowdale, Newtonbrook",43.789053,-79.40849279999999,Newtonbrook Park,43.786942,-79.410022,Park
Downsview,43.7284964,-79.49569740000001,Roding Park,43.728655041194294,-79.49291760986993,Baseball Field
Downsview,43.7284964,-79.49569740000001,Blue Sail Energy Solutions,43.7314450238841,-79.49378728866577,Business Service
Downsview,43.7284964,-79.49569740000001,DryShield Water Solutions Corp,43.73093335493166,-79.49898004531859,Home Service
Downsview,43.7284964,-79.49569740000001,Yummy Dogs,43.72651174068901,-79.50127950136176,Food Truck
"Bedford Park, Lawrence Manor East",43.7332825,-79.4197497,Aroma Espresso Bar,43.73597504480755,-79.42039080887425,Café
"Bedford Park, Lawrence Manor East",43.7332825,-79.4197497,Darbar Persian Grill,43.735484,-79.420006,Restaurant
"Bedford Park, Lawrence Manor East",43.7332825,-79.4197497,Drums N Flats,43.73503512478632,-79.42003978035157,Comfort Food Restaurant
"Bedford Park, Lawrence Manor East",43.7332825,-79.4197497,Pheasant & Firkin,43.73517255469138,-79.41970208136466,Pub
"Bedford Park, Lawrence Manor East",43.7332825,-79.4197497,Satay on the Road,43.735310312009226,-79.41978338676937,Thai Restaurant
"Bedford Park, Lawrence Manor East",43.7332825,-79.4197497,The Copper Chimney,43.73619518432498,-79.42027081330127,Indian Restaurant
"Bedford Park, Lawrence Manor East",43.7332825,-79.4197497,Sakura Garden,43.73339792581388,-79.41949129828605,Sushi Restaurant
"Bedford Park, Lawrence Manor East",43.7332825,-79.4197497,Tim Hortons,43.735355956224325,-79.41960454261636,Coffee Shop
"Bedford Park, Lawrence Manor East",43.7332825,-79.4197497,Francobollo,43.734556923055784,-79.41954908679143,Italian Restaurant
"Bedford Park, Lawrence Manor East",43.7332825,-79.4197497,Freshii,43.731582455410454,-79.41910939095219,Juice Bar
"Bedford Park, Lawrence Manor East",43.7332825,-79.4197497,Karbouzi Greek Taverna,43.7362044620751,-79.42035885441898,Greek Restaurant
"Bedford Park, Lawrence Manor East",43.7332825,-79.4197497,Starbucks,43.732604,-79.419136,Coffee Shop
"Bedford Park, Lawrence Manor East",43.7332825,-79.4197497,Shoppers Drug Mart,43.736276,-79.419705,Pharmacy
"Bedford Park, Lawrence Manor East",43.7332825,-79.4197497,Dino's No Frills,43.730699,-79.418535,Grocery Store
"Bedford Park, Lawrence Manor East",43.7332825,-79.4197497,Subway,43.73148485587151,-79.41954981345089,Sandwich Place
"Bedford Park, Lawrence Manor East",43.7332825,-79.4197497,Subway,43.73159539578682,-79.41963959053555,Sandwich Place
"Bedford Park, Lawrence Manor East",43.7332825,-79.4197497,Il Fornaro,43.734073,-79.41987,Italian Restaurant
"Bedford Park, Lawrence Manor East",43.7332825,-79.4197497,Bruno's Fine Food,43.7366419570093,-79.4198699051871,Butcher
"Bedford Park, Lawrence Manor East",43.7332825,-79.4197497,Safari Bar and Grill,43.72905148409205,-79.41810862863923,American Restaurant
"Bedford Park, Lawrence Manor East",43.7332825,-79.4197497,LCBO,43.73106478660271,-79.41923740055336,Liquor Store
"Bedford Park, Lawrence Manor East",43.7332825,-79.4197497,Pizza Pizza,43.731952,-79.415019,Pizza Place
"Del Ray, Mount Dennis, Keelsdale and Silverthorn",43.6911158,-79.47601329999999,Subway,43.69021830300218,-79.47404997234327,Sandwich Place
"Del Ray, Mount Dennis, Keelsdale and Silverthorn",43.6911158,-79.47601329999999,Variety And Video,43.69010467761434,-79.47514269388671,Convenience Store
"Del Ray, Mount Dennis, Keelsdale and Silverthorn",43.6911158,-79.47601329999999,Dollar Tree,43.6902962,-79.4746668,Discount Store
"Del Ray, Mount Dennis, Keelsdale and Silverthorn",43.6911158,-79.47601329999999,Z Bar & Grille,43.6906730071065,-79.47276425326548,Bar
"Del Ray, Mount Dennis, Keelsdale and Silverthorn",43.6911158,-79.47601329999999,Chris Tonks Arena,43.68757035872996,-79.47941054928023,Skating Rink
"Humberlea, Emery",43.7247659,-79.53224240000002,Strathburn Park,43.721765047523654,-79.53285448549357,Baseball Field
"Willowdale, Willowdale East",43.7701199,-79.40849279999999,The Keg,43.7665789176648,-79.41213141222555,Steakhouse
"Willowdale, Willowdale East",43.7701199,-79.40849279999999,Loblaws,43.768722,-79.412101,Grocery Store
"Willowdale, Willowdale East",43.7701199,-79.40849279999999,Konjiki Ramen,43.76699771023422,-79.41222209328754,Ramen Restaurant
"Willowdale, Willowdale East",43.7701199,-79.40849279999999,Cineplex Cinemas,43.76862539839479,-79.41261307104753,Movie Theater
"Willowdale, Willowdale East",43.7701199,-79.40849279999999,Aroma Espresso Bar,43.76944882099181,-79.41308107735675,Café
"Willowdale, Willowdale East",43.7701199,-79.40849279999999,Starbucks,43.768353,-79.413046,Coffee Shop
"Willowdale, Willowdale East",43.7701199,-79.40849279999999,Saryo,43.76697902009232,-79.41220491675689,Café
"Willowdale, Willowdale East",43.7701199,-79.40849279999999,Michaels,43.76724487394571,-79.41197372883607,Arts & Crafts Store
"Willowdale, Willowdale East",43.7701199,-79.40849279999999,Mel Lastman Square,43.76770145783431,-79.41297541544051,Plaza
"Willowdale, Willowdale East",43.7701199,-79.40849279999999,Wako Sushi + Bar,43.77080606720809,-79.41313811956255,Japanese Restaurant
"Willowdale, Willowdale East",43.7701199,-79.40849279999999,Booster Juice,43.76889,-79.4129899,Juice Bar
"Willowdale, Willowdale East",43.7701199,-79.40849279999999,Empress Walk,43.768540252857974,-79.4126707082784,Shopping Mall
"Willowdale, Willowdale East",43.7701199,-79.40849279999999,Dairy Queen,43.76701557770687,-79.4120009150447,Ice Cream Shop
"Willowdale, Willowdale East",43.7701199,-79.40849279999999,Aura,43.766012799364795,-79.41081286441447,Lounge
"Willowdale, Willowdale East",43.7701199,-79.40849279999999,Wendy’s,43.76846127243853,-79.4123771060805,Fast Food Restaurant
"Willowdale, Willowdale East",43.7701199,-79.40849279999999,Starbucks,43.768464,-79.414017,Coffee Shop
"Willowdale, Willowdale East",43.7701199,-79.40849279999999,Symposium Cafe Restaurant & Lounge,43.77107544003332,-79.41339624610163,Restaurant
"Willowdale, Willowdale East",43.7701199,-79.40849279999999,PetSmart,43.769139,-79.412522,Pet Store
"Willowdale, Willowdale East",43.7701199,-79.40849279999999,Aburi Room,43.769197,-79.414039,Sushi Restaurant
"Willowdale, Willowdale East",43.7701199,-79.40849279999999,Dollarama,43.768722,-79.412101,Discount Store
"Willowdale, Willowdale East",43.7701199,-79.40849279999999,Subway,43.768507,-79.41398454232785,Sandwich Place
"Willowdale, Willowdale East",43.7701199,-79.40849279999999,Best Buy,43.76811518063931,-79.4126082683499,Electronics Store
"Willowdale, Willowdale East",43.7701199,-79.40849279999999,Shawarma Max,43.76601170897119,-79.41084443679077,Middle Eastern Restaurant
"Willowdale, Willowdale East",43.7701199,-79.40849279999999,Ajisen Ramen 味千ラーメン,43.771444,-79.413139,Ramen Restaurant
"Willowdale, Willowdale East",43.7701199,-79.40849279999999,Kinton Ramen,43.76968375926793,-79.41304877291766,Ramen Restaurant
"Willowdale, Willowdale East",43.7701199,-79.40849279999999,Ten Ren's Tea Time 喫茶新饌,43.769574852327395,-79.41259669370922,Bubble Tea Shop
"Willowdale, Willowdale East",43.7701199,-79.40849279999999,Boston Pizza,43.76966566980136,-79.41305666054794,Pizza Place
"Willowdale, Willowdale East",43.7701199,-79.40849279999999,Subway,43.77140090446779,-79.41345717293876,Sandwich Place
"Willowdale, Willowdale East",43.7701199,-79.40849279999999,Pho 88 Vietnamese Cuisine,43.77045596393368,-79.41306424537943,Vietnamese Restaurant
"Willowdale, Willowdale East",43.7701199,-79.40849279999999,Freshslice Pizza,43.771353408025305,-79.4134865956423,Pizza Place
"Willowdale, Willowdale East",43.7701199,-79.40849279999999,Novotel Toronto North York,43.76872304736466,-79.41425730725825,Hotel
"Willowdale, Willowdale East",43.7701199,-79.40849279999999,Ichiban Fish House,43.76599495334784,-79.4108127227573,Japanese Restaurant
"Willowdale, Willowdale East",43.7701199,-79.40849279999999,Trio Restaurant,43.769057691735014,-79.41437684224671,Restaurant
Downsview,43.7616313,-79.52099940000001,Durante's No Frills,43.758178,-79.51968,Grocery Store
Downsview,43.7616313,-79.52099940000001,Dollarama,43.758177,-79.519679,Discount Store
Downsview,43.7616313,-79.52099940000001,Driftwood community centre,43.76567959563023,-79.51970643195256,Athletics & Sports
Downsview,43.7616313,-79.52099940000001,Planet Fitness,43.757538,-79.51961,Gym / Fitness Center
"Runnymede, The Junction North",43.67318529999999,-79.48726190000001,Bigger's Jamaican Restaurant,43.672725293535585,-79.48250832756949,Caribbean Restaurant
"Runnymede, The Junction North",43.67318529999999,-79.48726190000001,Wonderfood,43.67235238324323,-79.49257115909873,Convenience Store
"Runnymede, The Junction North",43.67318529999999,-79.48726190000001,Welcome Food Mart,43.66970140136457,-79.48349146580819,Grocery Store
"Runnymede, The Junction North",43.67318529999999,-79.48726190000001,Starving Artist,43.66986,-79.48311,Breakfast Spot
Weston,43.706876,-79.51818840000001,Maison Birks,43.705857412773675,-79.51610233037395,Jewelry Store
Weston,43.706876,-79.51818840000001,Grattan Park,43.70622161954314,-79.52170483861298,Park
York Mills West,43.752758299999996,-79.4000493,Kitchen Food Fair,43.751297901387304,-79.40139340223642,Convenience Store
York Mills West,43.752758299999996,-79.4000493,Tournament Park,43.75125720420175,-79.39971685409546,Park
"Willowdale, Willowdale West",43.7827364,-79.4422593,Tov-Li,43.78421369713337,-79.44609771646198,Pizza Place
"Willowdale, Willowdale West",43.7827364,-79.4422593,Shoppers Drug Mart,43.784847,-79.446028,Pharmacy
"Willowdale, Willowdale West",43.7827364,-79.4422593,RBC Royal Bank,43.78389412052616,-79.44660281892959,Bank
"Willowdale, Willowdale West",43.7827364,-79.4422593,Tim Hortons,43.7809395,-79.4442308,Coffee Shop
"Willowdale, Willowdale West",43.7827364,-79.4422593,Price Chopper,43.783237418498096,-79.44633923214607,Grocery Store
"Willowdale, Willowdale West",43.7827364,-79.4422593,Hartman's,43.78431215202778,-79.44621271750725,Butcher
